path,label
images/Center/003640.png,0
images/Left/002534.png,1
images/Right/003114.png,2
images/ZNull/006824.png,3
images/Left/000670.png,1
images/ZNull/006563.png,3
images/ZNull/003905.png,3
images/Right/000895.png,2
images/ZNull/006368.png,3
images/ZNull/000760.png,3
images/Left/002498.png,1
images/ZNull/001590.png,3
images/ZNull/006803.png,3
images/Right/000020.png,2
images/Left/002504.png,1
images/ZNull/001345.png,3
images/ZNull/004650.png,3
images/ZNull/003885.png,3
images/ZNull/006350.png,3
images/Center/000085.png,0
images/Left/000575.png,1
images/Left/001685.png,1
images/Center/002729.png,0
images/ZNull/006323.png,3
images/Center/003616.png,0
images/Left/003220.png,1
images/Right/003027.png,2
images/ZNull/002715.png,3
images/Right/000675.png,2
images/Right/003372.png,2
images/ZNull/004375.png,3
images/Center/002892.png,0
images/Right/002084.png,2
images/Right/001907.png,2
images/Center/003949.png,0
images/ZNull/001845.png,3
images/Left/002869.png,1
images/Center/001530.png,0
images/Center/002468.png,0
images/ZNull/006572.png,3
images/ZNull/005010.png,3
images/ZNull/007172.png,3
images/Center/003709.png,0
images/Left/001928.png,1
images/Center/003850.png,0
images/Right/003180.png,2
images/ZNull/007544.png,3
images/ZNull/004818.png,3
images/ZNull/006488.png,3
images/Left/003322.png,1
images/Right/002598.png,2
images/Center/003805.png,0
images/ZNull/005491.png,3
images/ZNull/002100.png,3
images/Center/003904.png,0
images/ZNull/002730.png,3
images/Left/001390.png,1
images/Left/002039.png,1
images/Center/000410.png,0
images/ZNull/000810.png,3
images/ZNull/008126.png,3
images/ZNull/000965.png,3
images/Center/001695.png,0
images/ZNull/001065.png,3
images/ZNull/005013.png,3
images/ZNull/001155.png,3
images/Right/001560.png,2
images/ZNull/002875.png,3
images/Center/002393.png,0
images/Left/001955.png,1
images/Right/000150.png,2
images/Center/000455.png,0
images/Left/003442.png,1
images/ZNull/000525.png,3
images/Center/002534.png,0
images/Right/003048.png,2
images/Right/003351.png,2
images/ZNull/006269.png,3
images/Center/003304.png,0
images/Center/001075.png,0
images/ZNull/003655.png,3
images/ZNull/005103.png,3
images/Right/001738.png,2
images/Center/000985.png,0
images/Left/000640.png,1
images/ZNull/000420.png,3
images/Left/000415.png,1
images/Center/002862.png,0
images/Left/002646.png,1
images/ZNull/007157.png,3
images/Right/000645.png,2
images/Left/001080.png,1
images/Right/002054.png,2
images/Center/004069.png,0
images/Left/003022.png,1
images/ZNull/007175.png,3
images/Center/003811.png,0
images/Right/002751.png,2
images/Center/001995.png,0
images/ZNull/003835.png,3
images/ZNull/006101.png,3
images/Center/001670.png,0
images/Center/000010.png,0
images/ZNull/002230.png,3
images/ZNull/001225.png,3
images/Center/003712.png,0
images/Left/001550.png,1
images/Left/002522.png,1
images/Center/003382.png,0
images/Left/002123.png,1
images/Left/002679.png,1
images/Left/002447.png,1
images/ZNull/002405.png,3
images/Left/002956.png,1
images/ZNull/003495.png,3
images/Left/003430.png,1
images/ZNull/005377.png,3
images/ZNull/008021.png,3
images/Right/002622.png,2
images/Center/000125.png,0
images/ZNull/003845.png,3
images/Right/002553.png,2
images/Left/002992.png,1
images/Left/003271.png,1
images/Center/004009.png,0
images/ZNull/003910.png,3
images/ZNull/004400.png,3
images/Left/003151.png,1
images/Center/000675.png,0
images/Left/003025.png,1
images/ZNull/002490.png,3
images/ZNull/000265.png,3
images/Right/000285.png,2
images/ZNull/002800.png,3
images/Right/002027.png,2
images/Left/000225.png,1
images/Right/000185.png,2
images/ZNull/006284.png,3
images/Right/002832.png,2
images/Center/003018.png,0
images/Right/002556.png,2
images/Left/000290.png,1
images/Right/002222.png,2
images/Center/002549.png,0
images/ZNull/003185.png,3
images/Right/003225.png,2
images/Right/002634.png,2
images/Left/003592.png,1
images/Left/003472.png,1
images/Right/002469.png,2
images/ZNull/000720.png,3
images/Left/001874.png,1
images/Right/002255.png,2
images/Center/003154.png,0
images/Right/002901.png,2
images/Right/001708.png,2
images/ZNull/005990.png,3
images/Center/003484.png,0
images/Center/001150.png,0
images/Right/000790.png,2
images/Left/000025.png,1
images/ZNull/005494.png,3
images/ZNull/002415.png,3
images/ZNull/002900.png,3
images/ZNull/007598.png,3
images/ZNull/002520.png,3
images/ZNull/007421.png,3
images/Right/003219.png,2
images/ZNull/005741.png,3
images/ZNull/004345.png,3
images/ZNull/006353.png,3
images/ZNull/006770.png,3
images/ZNull/005633.png,3
images/ZNull/001700.png,3
images/Center/002366.png,0
images/Left/003082.png,1
images/Left/001415.png,1
images/Right/000560.png,2
images/Center/002010.png,0
images/Left/000005.png,1
images/Right/002024.png,2
images/Left/001165.png,1
images/Right/000750.png,2
images/Center/003232.png,0
images/Left/002893.png,1
images/ZNull/006224.png,3
images/ZNull/006290.png,3
images/ZNull/003285.png,3
images/Center/002967.png,0
images/ZNull/004510.png,3
images/ZNull/000300.png,3
images/ZNull/000985.png,3
images/Left/001275.png,1
images/ZNull/004180.png,3
images/Left/002240.png,1
images/ZNull/008180.png,3
images/Right/002162.png,2
images/Left/001855.png,1
images/Left/003625.png,1
images/Left/003319.png,1
images/Right/003009.png,2
images/Left/002838.png,1
images/ZNull/003430.png,3
images/ZNull/004695.png,3
images/ZNull/001990.png,3
images/ZNull/004950.png,3
images/Left/003346.png,1
images/Center/001180.png,0
images/Center/000805.png,0
images/ZNull/007496.png,3
images/Left/002030.png,1
images/Left/003052.png,1
images/Center/002802.png,0
images/ZNull/005271.png,3
images/Left/002360.png,1
images/ZNull/006854.png,3
images/Left/002207.png,1
images/Left/002291.png,1
images/ZNull/004760.png,3
images/Left/003553.png,1
images/Left/003601.png,1
images/Left/001859.png,1
images/ZNull/004660.png,3
images/Right/001711.png,2
images/Left/000890.png,1
images/Left/001765.png,1
images/ZNull/004827.png,3
images/ZNull/000295.png,3
images/Right/003204.png,2
images/Right/002784.png,2
images/Left/002135.png,1
images/ZNull/007964.png,3
images/Left/002351.png,1
images/Left/001590.png,1
images/Center/001785.png,0
images/Left/003148.png,1
images/ZNull/000970.png,3
images/Center/003283.png,0
images/ZNull/004878.png,3
images/ZNull/002930.png,3
images/ZNull/004956.png,3
images/Center/003877.png,0
images/ZNull/004040.png,3
images/ZNull/005660.png,3
images/Right/003336.png,2
images/Right/003282.png,2
images/Right/001807.png,2
images/ZNull/002580.png,3
images/Left/001886.png,1
images/Center/001285.png,0
images/Right/000295.png,2
images/ZNull/006881.png,3
images/Left/002682.png,1
images/Right/000095.png,2
images/ZNull/006005.png,3
images/Right/002144.png,2
images/Left/002321.png,1
images/Right/001822.png,2
images/Right/001370.png,2
images/ZNull/000840.png,3
images/ZNull/003875.png,3
images/ZNull/004225.png,3
images/Left/001240.png,1
images/Right/002451.png,2
images/Right/001678.png,2
images/ZNull/000790.png,3
images/ZNull/006794.png,3
images/ZNull/007589.png,3
images/Center/003469.png,0
images/ZNull/004350.png,3
images/ZNull/007937.png,3
images/ZNull/001405.png,3
images/Center/003688.png,0
images/ZNull/005537.png,3
images/Left/000705.png,1
images/ZNull/004395.png,3
images/Center/002065.png,0
images/Left/000850.png,1
images/ZNull/002985.png,3
images/Center/003169.png,0
images/Right/002424.png,2
images/Left/003136.png,1
images/ZNull/001160.png,3
images/ZNull/006131.png,3
images/Center/002185.png,0
images/Center/003178.png,0
images/ZNull/003505.png,3
images/ZNull/001800.png,3
images/Right/003195.png,2
images/ZNull/004893.png,3
images/ZNull/003345.png,3
images/Center/000495.png,0
images/ZNull/000200.png,3
images/Right/001315.png,2
images/ZNull/007646.png,3
images/Center/001570.png,0
images/ZNull/003335.png,3
images/Center/002396.png,0
images/ZNull/005747.png,3
images/Center/002480.png,0
images/Right/002159.png,2
images/Center/003412.png,0
images/ZNull/000975.png,3
images/Right/001801.png,2
images/Left/000570.png,1
images/Right/001445.png,2
images/ZNull/007202.png,3
images/ZNull/000310.png,3
images/Right/000275.png,2
images/Right/002688.png,2
images/ZNull/004869.png,3
images/ZNull/008186.png,3
images/ZNull/000160.png,3
images/Center/003069.png,0
images/Center/001260.png,0
images/ZNull/007217.png,3
images/ZNull/001630.png,3
images/ZNull/006587.png,3
images/ZNull/003970.png,3
images/ZNull/005416.png,3
images/ZNull/007820.png,3
images/Right/002376.png,2
images/Center/002922.png,0
images/ZNull/000855.png,3
images/Left/000540.png,1
images/ZNull/002735.png,3
images/Right/001130.png,2
images/Left/003076.png,1
images/Left/002279.png,1
images/Center/003847.png,0
images/ZNull/005927.png,3
images/ZNull/005822.png,3
images/ZNull/008003.png,3
images/Right/002628.png,2
images/Center/003607.png,0
images/ZNull/004000.png,3
images/Center/000925.png,0
images/Right/002850.png,2
images/ZNull/006938.png,3
images/Center/004057.png,0
images/ZNull/006629.png,3
images/Left/003376.png,1
images/Right/002436.png,2
images/ZNull/005840.png,3
images/Center/002486.png,0
images/Center/002516.png,0
images/Center/000795.png,0
images/ZNull/008216.png,3
images/ZNull/007127.png,3
images/Center/002210.png,0
images/Left/000745.png,1
images/Right/002249.png,2
images/Center/000450.png,0
images/Left/001720.png,1
images/ZNull/006593.png,3
images/Left/000425.png,1
images/ZNull/000895.png,3
images/Right/003342.png,2
images/ZNull/006098.png,3
images/Right/002652.png,2
images/ZNull/005570.png,3
images/Right/002796.png,2
images/Left/002555.png,1
images/ZNull/001445.png,3
images/ZNull/004740.png,3
images/Center/000230.png,0
images/ZNull/001730.png,3
images/ZNull/005265.png,3
images/Right/000385.png,2
images/Right/001565.png,2
images/Left/003214.png,1
images/ZNull/006983.png,3
images/Left/003028.png,1
images/Left/000735.png,1
images/Right/001717.png,2
images/ZNull/001980.png,3
images/ZNull/006755.png,3
images/ZNull/003035.png,3
images/Right/002006.png,2
images/Right/000940.png,2
images/ZNull/001380.png,3
images/Center/000220.png,0
images/ZNull/005268.png,3
images/ZNull/000940.png,3
images/ZNull/005100.png,3
images/ZNull/001300.png,3
images/ZNull/001420.png,3
images/Right/001095.png,2
images/ZNull/007841.png,3
images/Right/002934.png,2
images/Center/004015.png,0
images/Center/002015.png,0
images/ZNull/005654.png,3
images/Left/002276.png,1
images/ZNull/002130.png,3
images/Left/002270.png,1
images/ZNull/001330.png,3
images/ZNull/006359.png,3
images/ZNull/001985.png,3
images/ZNull/007511.png,3
images/ZNull/004959.png,3
images/ZNull/005115.png,3
images/Left/002357.png,1
images/Center/000030.png,0
images/Right/001892.png,2
images/Center/002080.png,0
images/Right/000500.png,2
images/Right/001687.png,2
images/ZNull/005310.png,3
images/Left/000075.png,1
images/Left/001640.png,1
images/Center/003097.png,0
images/Left/000560.png,1
images/ZNull/007004.png,3
images/Center/000825.png,0
images/Right/003360.png,2
images/ZNull/001245.png,3
images/ZNull/005196.png,3
images/Left/001215.png,1
images/Left/001130.png,1
images/Left/003268.png,1
images/Left/001235.png,1
images/ZNull/007070.png,3
images/Left/000585.png,1
images/ZNull/005582.png,3
images/Center/000520.png,0
images/Center/000400.png,0
images/Right/003288.png,2
images/Left/003043.png,1
images/Center/003259.png,0
images/ZNull/006182.png,3
images/Right/001846.png,2
images/ZNull/001720.png,3
images/ZNull/006272.png,3
images/ZNull/008210.png,3
images/Center/004066.png,0
images/Right/002213.png,2
images/ZNull/006818.png,3
images/ZNull/004335.png,3
images/ZNull/006608.png,3
images/Left/000940.png,1
images/Center/002230.png,0
images/Left/000645.png,1
images/Center/001055.png,0
images/Right/002207.png,2
images/Left/000800.png,1
images/ZNull/003510.png,3
images/ZNull/007934.png,3
images/ZNull/005479.png,3
images/Left/001585.png,1
images/Center/002429.png,0
images/Left/003571.png,1
images/ZNull/003440.png,3
images/Center/002336.png,0
images/ZNull/008051.png,3
images/ZNull/006947.png,3
images/Center/002525.png,0
images/Right/000590.png,2
images/Left/002811.png,1
images/Left/001880.png,1
images/ZNull/005867.png,3
images/Left/000255.png,1
images/Right/002568.png,2
images/ZNull/007802.png,3
images/Right/001874.png,2
images/Right/002829.png,2
images/Left/000740.png,1
images/Center/001415.png,0
images/Center/001330.png,0
images/ZNull/007580.png,3
images/ZNull/003600.png,3
images/ZNull/001780.png,3
images/Center/001815.png,0
images/ZNull/005690.png,3
images/Center/003919.png,0
images/ZNull/007997.png,3
images/ZNull/005594.png,3
images/Center/003106.png,0
images/ZNull/000825.png,3
images/Center/002666.png,0
images/ZNull/001825.png,3
images/Left/002917.png,1
images/ZNull/006455.png,3
images/Center/001190.png,0
images/ZNull/005705.png,3
images/Right/001855.png,2
images/Center/002324.png,0
images/Right/002096.png,2
images/ZNull/008141.png,3
images/ZNull/003815.png,3
images/Left/001370.png,1
images/Center/000305.png,0
images/ZNull/002020.png,3
images/Left/001892.png,1
images/ZNull/007352.png,3
images/Left/000960.png,1
images/Center/002859.png,0
images/Right/001015.png,2
images/ZNull/006830.png,3
images/Center/003655.png,0
images/Center/002220.png,0
images/Left/000335.png,1
images/ZNull/002025.png,3
images/Right/002243.png,2
images/Center/000730.png,0
images/Center/002020.png,0
images/Center/002648.png,0
images/Center/002988.png,0
images/Right/002015.png,2
images/Left/002435.png,1
images/Center/002279.png,0
images/ZNull/000665.png,3
images/ZNull/004899.png,3
images/Right/000925.png,2
images/ZNull/003960.png,3
images/ZNull/003720.png,3
images/Left/002285.png,1
images/Left/002309.png,1
images/ZNull/007985.png,3
images/ZNull/002630.png,3
images/ZNull/004470.png,3
images/ZNull/000340.png,3
images/Right/002793.png,2
images/Center/002235.png,0
images/ZNull/005816.png,3
images/ZNull/000530.png,3
images/ZNull/008135.png,3
images/Right/001235.png,2
images/Left/001871.png,1
images/ZNull/004135.png,3
images/Left/001220.png,1
images/ZNull/004971.png,3
images/Left/001580.png,1
images/Left/002153.png,1
images/ZNull/005043.png,3
images/ZNull/005343.png,3
images/Center/004093.png,0
images/Center/003181.png,0
images/Center/004072.png,0
images/Right/001270.png,2
images/Left/003562.png,1
images/Right/002063.png,2
images/Right/001110.png,2
images/ZNull/007586.png,3
images/ZNull/003825.png,3
images/ZNull/008072.png,3
images/Left/003256.png,1
images/ZNull/004655.png,3
images/Right/002072.png,2
images/ZNull/006644.png,3
images/ZNull/006842.png,3
images/ZNull/005202.png,3
images/ZNull/003855.png,3
images/Left/001000.png,1
images/Left/003418.png,1
images/Left/000845.png,1
images/Center/001295.png,0
images/Right/001949.png,2
images/Center/001635.png,0
images/Right/000375.png,2
images/ZNull/002190.png,3
images/ZNull/007958.png,3
images/ZNull/004935.png,3
images/Left/000750.png,1
images/Center/003340.png,0
images/Left/002591.png,1
images/Left/000250.png,1
images/Left/002021.png,1
images/Right/003189.png,2
images/ZNull/003175.png,3
images/Center/000175.png,0
images/ZNull/005849.png,3
images/Center/002955.png,0
images/ZNull/005259.png,3
images/Right/002823.png,2
images/Left/003385.png,1
images/Left/003364.png,1
images/Right/002093.png,2
images/Right/001100.png,2
images/ZNull/007490.png,3
images/Right/001937.png,2
images/ZNull/006041.png,3
images/Left/002944.png,1
images/ZNull/004770.png,3
images/ZNull/007592.png,3
images/ZNull/003415.png,3
images/ZNull/000095.png,3
images/Center/002829.png,0
images/ZNull/005025.png,3
images/Right/002760.png,2
images/ZNull/007388.png,3
images/Left/002057.png,1
images/Left/001949.png,1
images/ZNull/002690.png,3
images/ZNull/007556.png,3
images/ZNull/006752.png,3
images/ZNull/007643.png,3
images/ZNull/006332.png,3
images/Center/000800.png,0
images/ZNull/000470.png,3
images/Right/001964.png,2
images/Right/000850.png,2
images/ZNull/005070.png,3
images/ZNull/007364.png,3
images/Left/003067.png,1
images/ZNull/006230.png,3
images/Center/001095.png,0
images/Left/001205.png,1
images/Center/002005.png,0
images/ZNull/002660.png,3
images/Center/002621.png,0
images/Left/002817.png,1
images/ZNull/004220.png,3
images/Right/002478.png,2
images/Right/002135.png,2
images/Center/001000.png,0
images/Left/002384.png,1
images/Left/001690.png,1
images/ZNull/008006.png,3
images/Center/002597.png,0
images/Center/000555.png,0
images/Center/003871.png,0
images/ZNull/006671.png,3
images/Center/002513.png,0
images/Center/001360.png,0
images/Left/000715.png,1
images/Right/003333.png,2
images/Left/000160.png,1
images/Right/001225.png,2
images/Right/000105.png,2
images/Right/002988.png,2
images/Left/002854.png,1
images/ZNull/001625.png,3
images/ZNull/001650.png,3
images/Center/000310.png,0
images/ZNull/003755.png,3
images/Right/000505.png,2
images/Left/003523.png,1
images/ZNull/005304.png,3
images/Center/000680.png,0
images/Center/004006.png,0
images/Left/001931.png,1
images/ZNull/004851.png,3
images/ZNull/003155.png,3
images/Center/003817.png,0
images/ZNull/004750.png,3
images/ZNull/005256.png,3
images/Left/002971.png,1
images/ZNull/004290.png,3
images/ZNull/006815.png,3
images/ZNull/006695.png,3
images/Center/003292.png,0
images/Left/003001.png,1
images/Right/000370.png,2
images/ZNull/005942.png,3
images/ZNull/006143.png,3
images/Left/001485.png,1
images/Right/000815.png,2
images/ZNull/005663.png,3
images/Center/000960.png,0
images/ZNull/006281.png,3
images/ZNull/004812.png,3
images/ZNull/005443.png,3
images/Left/002658.png,1
images/Right/000775.png,2
images/Center/003082.png,0
images/ZNull/005504.png,3
images/Left/002585.png,1
images/Right/003321.png,2
images/Center/002868.png,0
images/Left/002634.png,1
images/Right/002646.png,2
images/ZNull/001190.png,3
images/Left/003508.png,1
images/ZNull/006149.png,3
images/Right/000865.png,2
images/Center/004102.png,0
images/ZNull/003280.png,3
images/Right/002601.png,2
images/ZNull/000740.png,3
images/Left/001780.png,1
images/Center/004012.png,0
images/Left/000380.png,1
images/Right/001415.png,2
images/Right/002997.png,2
images/ZNull/008078.png,3
images/ZNull/004830.png,3
images/Left/002000.png,1
images/ZNull/002960.png,3
images/ZNull/008252.png,3
images/ZNull/000850.png,3
images/Center/002774.png,0
images/ZNull/004545.png,3
images/Center/003646.png,0
images/ZNull/001195.png,3
images/ZNull/008159.png,3
images/ZNull/008024.png,3
images/ZNull/006410.png,3
images/ZNull/005564.png,3
images/ZNull/005359.png,3
images/Center/000920.png,0
images/Center/003145.png,0
images/ZNull/006575.png,3
images/Left/003604.png,1
images/Right/003141.png,2
images/ZNull/002920.png,3
images/ZNull/007379.png,3
images/ZNull/001295.png,3
images/Left/002072.png,1
images/Center/002510.png,0
images/ZNull/003645.png,3
images/Left/001610.png,1
images/Center/002321.png,0
images/Center/002943.png,0
images/ZNull/004863.png,3
images/Right/001610.png,2
images/Center/003313.png,0
images/Right/003405.png,2
images/ZNull/006089.png,3
images/ZNull/008165.png,3
images/ZNull/000050.png,3
images/Center/003241.png,0
images/Right/002051.png,2
images/ZNull/000180.png,3
images/ZNull/003000.png,3
images/Center/000865.png,0
images/ZNull/000275.png,3
images/Center/000740.png,0
images/ZNull/003340.png,3
images/ZNull/007331.png,3
images/ZNull/006437.png,3
images/ZNull/002870.png,3
images/Left/002600.png,1
images/Right/000445.png,2
images/ZNull/002885.png,3
images/Center/002940.png,0
images/Right/002454.png,2
images/ZNull/003520.png,3
images/Left/000280.png,1
images/Left/002742.png,1
images/ZNull/003745.png,3
images/Center/000345.png,0
images/Center/003550.png,0
images/Right/002201.png,2
images/Left/001120.png,1
images/Center/000775.png,0
images/Center/003298.png,0
images/ZNull/002905.png,3
images/ZNull/004670.png,3
images/Left/001065.png,1
images/Center/003445.png,0
images/Left/002793.png,1
images/Center/001435.png,0
images/Center/002489.png,0
images/ZNull/002175.png,3
images/Right/002267.png,2
images/ZNull/000560.png,3
images/ZNull/005591.png,3
images/Right/001605.png,2
images/Center/002961.png,0
images/Left/001730.png,1
images/Left/003382.png,1
images/Right/002691.png,2
images/ZNull/003965.png,3
images/Right/003348.png,2
images/Left/003079.png,1
images/ZNull/007022.png,3
images/Left/002513.png,1
images/Right/002487.png,2
images/Right/000680.png,2
images/Left/001943.png,1
images/Left/001190.png,1
images/ZNull/007232.png,3
images/ZNull/005353.png,3
images/ZNull/000280.png,3
images/ZNull/005130.png,3
images/ZNull/006365.png,3
images/Center/002504.png,0
images/ZNull/002640.png,3
images/ZNull/004920.png,3
images/Center/000105.png,0
images/Left/001820.png,1
images/Left/000360.png,1
images/ZNull/001410.png,3
images/ZNull/006494.png,3
images/Center/002853.png,0
images/ZNull/006791.png,3
images/Right/002814.png,2
images/Right/002406.png,2
images/ZNull/004080.png,3
images/Center/003748.png,0
images/ZNull/007835.png,3
images/Center/003820.png,0
images/Right/002346.png,2
images/ZNull/008264.png,3
images/ZNull/004515.png,3
images/ZNull/000555.png,3
images/Center/003637.png,0
images/Right/001864.png,2
images/Left/002935.png,1
images/Center/003715.png,0
images/Right/003228.png,2
images/Left/002141.png,1
images/ZNull/005558.png,3
images/Left/002754.png,1
images/ZNull/004480.png,3
images/Left/003034.png,1
images/ZNull/002765.png,3
images/Center/003424.png,0
images/ZNull/005729.png,3
images/Right/002069.png,2
images/Center/002471.png,0
images/Left/001898.png,1
images/Right/000890.png,2
images/Right/000195.png,2
images/ZNull/007235.png,3
images/Center/000340.png,0
images/ZNull/007733.png,3
images/Right/002111.png,2
images/ZNull/003985.png,3
images/ZNull/007199.png,3
images/ZNull/006032.png,3
images/ZNull/004160.png,3
images/Center/002258.png,0
images/ZNull/003870.png,3
images/ZNull/004250.png,3
images/Center/001265.png,0
images/ZNull/006929.png,3
images/ZNull/007307.png,3
images/Left/003574.png,1
images/ZNull/001090.png,3
images/Left/003133.png,1
images/ZNull/007043.png,3
images/Left/002953.png,1
images/ZNull/004195.png,3
images/Center/000150.png,0
images/Left/001375.png,1
images/Center/002297.png,0
images/ZNull/007283.png,3
images/Center/001915.png,0
images/Left/001290.png,1
images/ZNull/005121.png,3
images/Left/002727.png,1
images/ZNull/001690.png,3
images/Center/002970.png,0
images/Left/003175.png,1
images/Right/002685.png,2
images/ZNull/000995.png,3
images/ZNull/004015.png,3
images/ZNull/006602.png,3
images/Center/002267.png,0
images/ZNull/007907.png,3
images/Right/003159.png,2
images/ZNull/006524.png,3
images/Center/000365.png,0
images/Center/001840.png,0
images/ZNull/002085.png,3
images/Center/004027.png,0
images/Center/004051.png,0
images/Right/003300.png,2
images/Left/003361.png,1
images/Right/002562.png,2
images/ZNull/000590.png,3
images/Center/001255.png,0
images/Left/001265.png,1
images/ZNull/005510.png,3
images/ZNull/000440.png,3
images/Center/001545.png,0
images/Left/002102.png,1
images/Center/001850.png,0
images/Left/000995.png,1
images/Center/000935.png,0
images/ZNull/006161.png,3
images/ZNull/000000.png,3
images/Right/001696.png,2
images/ZNull/003365.png,3
images/ZNull/001310.png,3
images/ZNull/003740.png,3
images/Center/003325.png,0
images/ZNull/006851.png,3
images/Center/001740.png,0
images/ZNull/003595.png,3
images/Center/002543.png,0
images/Left/002126.png,1
images/ZNull/006044.png,3
images/ZNull/001895.png,3
images/Center/003148.png,0
images/Center/000165.png,0
images/ZNull/002165.png,3
images/ZNull/003460.png,3
images/Center/002979.png,0
images/ZNull/003450.png,3
images/ZNull/008231.png,3
images/ZNull/004992.png,3
images/Center/000855.png,0
images/Center/001935.png,0
images/ZNull/004998.png,3
images/Left/003577.png,1
images/Center/002895.png,0
images/Left/002192.png,1
images/ZNull/001595.png,3
images/Left/002411.png,1
images/Center/002633.png,0
images/ZNull/007256.png,3
images/ZNull/007988.png,3
images/Right/002114.png,2
images/Center/002387.png,0
images/ZNull/002535.png,3
images/Right/003222.png,2
images/Center/002100.png,0
images/ZNull/001490.png,3
images/Left/002977.png,1
images/Center/004087.png,0
images/Center/003937.png,0
images/ZNull/008129.png,3
images/Left/002105.png,1
images/Center/002618.png,0
images/Left/001555.png,1
images/ZNull/001135.png,3
images/ZNull/004320.png,3
images/Right/002655.png,2
images/Center/001535.png,0
images/Left/003181.png,1
images/Right/001205.png,2
images/ZNull/003610.png,3
images/ZNull/001805.png,3
images/Center/001925.png,0
images/Center/002841.png,0
images/Center/001375.png,0
images/ZNull/007355.png,3
images/Center/002345.png,0
images/ZNull/000475.png,3
images/Left/002201.png,1
images/Left/002336.png,1
images/Right/002180.png,2
images/Center/000745.png,0
images/Left/000085.png,1
images/Right/002331.png,2
images/Left/003211.png,1
images/Right/003084.png,2
images/Center/003961.png,0
images/Center/003256.png,0
images/ZNull/000500.png,3
images/Center/002958.png,0
images/Right/001105.png,2
images/Left/001901.png,1
images/Left/002576.png,1
images/ZNull/005567.png,3
images/Right/000420.png,2
images/Right/001991.png,2
images/ZNull/003555.png,3
images/ZNull/007895.png,3
images/ZNull/006899.png,3
images/Left/000105.png,1
images/ZNull/001495.png,3
images/Center/003841.png,0
images/Center/002205.png,0
images/Center/004081.png,0
images/ZNull/004605.png,3
images/Left/002965.png,1
images/Center/003718.png,0
images/Center/000375.png,0
images/Center/000395.png,0
images/ZNull/000990.png,3
images/ZNull/005531.png,3
images/ZNull/006698.png,3
images/Right/001510.png,2
images/Center/003021.png,0
images/Center/002901.png,0
images/Left/002150.png,1
images/ZNull/000900.png,3
images/Center/002462.png,0
images/ZNull/008048.png,3
images/Left/002989.png,1
images/ZNull/005235.png,3
images/Right/001055.png,2
images/Center/001680.png,0
images/Right/002364.png,2
images/Left/002165.png,1
images/Right/001275.png,2
images/ZNull/006482.png,3
images/Center/003559.png,0
images/Center/000625.png,0
images/Center/001275.png,0
images/Center/003076.png,0
images/Left/002219.png,1
images/ZNull/004705.png,3
images/Center/003529.png,0
images/Center/002055.png,0
images/Center/002105.png,0
images/ZNull/006014.png,3
images/ZNull/005777.png,3
images/ZNull/005431.png,3
images/ZNull/002455.png,3
images/ZNull/004665.png,3
images/ZNull/007094.png,3
images/Left/001535.png,1
images/Right/001375.png,2
images/ZNull/002375.png,3
images/Left/001705.png,1
images/ZNull/001660.png,3
images/Left/001020.png,1
images/Center/000260.png,0
images/ZNull/006533.png,3
images/ZNull/006026.png,3
images/ZNull/002565.png,3
images/Center/000140.png,0
images/Left/000095.png,1
images/Left/003301.png,1
images/ZNull/000390.png,3
images/Left/000520.png,1
images/Center/002270.png,0
images/ZNull/007973.png,3
images/ZNull/007700.png,3
images/Center/001120.png,0
images/Right/001780.png,2
images/ZNull/008054.png,3
images/ZNull/003990.png,3
images/Left/002733.png,1
images/Left/003514.png,1
images/ZNull/006113.png,3
images/Right/003357.png,2
images/ZNull/007562.png,3
images/Right/000730.png,2
images/ZNull/003055.png,3
images/ZNull/005639.png,3
images/Center/000045.png,0
images/ZNull/004805.png,3
images/ZNull/002495.png,3
images/Left/001185.png,1
images/ZNull/004455.png,3
images/ZNull/004884.png,3
images/Right/002340.png,2
images/ZNull/000700.png,3
images/ZNull/002090.png,3
images/Right/001035.png,2
images/Center/000350.png,0
images/Center/003751.png,0
images/ZNull/007763.png,3
images/ZNull/004205.png,3
images/Right/000245.png,2
images/Center/000380.png,0
images/Center/003190.png,0
images/ZNull/007856.png,3
images/ZNull/007922.png,3
images/Right/001961.png,2
images/Right/002661.png,2
images/Center/001175.png,0
images/ZNull/008228.png,3
images/Center/001420.png,0
images/ZNull/001170.png,3
images/ZNull/004240.png,3
images/Right/000510.png,2
images/Center/003793.png,0
images/ZNull/000250.png,3
images/Left/000325.png,1
images/Left/001922.png,1
images/Right/002228.png,2
images/Left/001785.png,1
images/ZNull/002775.png,3
images/Left/000695.png,1
images/Right/001195.png,2
images/Right/001385.png,2
images/ZNull/006674.png,3
images/Right/000820.png,2
images/Right/000860.png,2
images/ZNull/008273.png,3
images/ZNull/004215.png,3
images/Right/000425.png,2
images/ZNull/004640.png,3
images/Left/003112.png,1
images/ZNull/005540.png,3
images/ZNull/003635.png,3
images/ZNull/005455.png,3
images/Right/002105.png,2
images/Left/003622.png,1
images/Center/003048.png,0
images/ZNull/006314.png,3
images/Center/002793.png,0
images/Center/002708.png,0
images/Left/002941.png,1
images/ZNull/006242.png,3
images/ZNull/005906.png,3
images/ZNull/002850.png,3
images/Center/001900.png,0
images/Right/002853.png,2
images/Center/003054.png,0
images/ZNull/003675.png,3
images/Center/000970.png,0
images/Center/003277.png,0
images/Right/003102.png,2
images/Center/001320.png,0
images/Left/002778.png,1
images/ZNull/007145.png,3
images/ZNull/006476.png,3
images/ZNull/000870.png,3
images/Right/003408.png,2
images/ZNull/006077.png,3
images/Center/003922.png,0
images/ZNull/003475.png,3
images/Right/002547.png,2
images/ZNull/004720.png,3
images/Center/003634.png,0
images/ZNull/005696.png,3
images/Right/000165.png,2
images/ZNull/003690.png,3
images/Center/002624.png,0
images/Center/002645.png,0
images/ZNull/007280.png,3
images/Left/000510.png,1
images/ZNull/007187.png,3
images/Right/002526.png,2
images/Left/002354.png,1
images/ZNull/003275.png,3
images/Right/003069.png,2
images/ZNull/002385.png,3
images/Center/000890.png,0
images/Left/000795.png,1
images/ZNull/007910.png,3
images/ZNull/004610.png,3
images/ZNull/003920.png,3
images/ZNull/007385.png,3
images/ZNull/000085.png,3
images/ZNull/007688.png,3
images/ZNull/005380.png,3
images/ZNull/003545.png,3
images/ZNull/002550.png,3
images/Left/002715.png,1
images/Left/002243.png,1
images/ZNull/005386.png,3
images/Right/000650.png,2
images/Center/002573.png,0
images/Center/002778.png,0
images/Left/000765.png,1
images/Left/003493.png,1
images/Right/002571.png,2
images/Center/001455.png,0
images/Center/001585.png,0
images/ZNull/002220.png,3
images/ZNull/008012.png,3
images/Right/001865.png,2
images/ZNull/000490.png,3
images/Center/000560.png,0
images/ZNull/004845.png,3
images/ZNull/006023.png,3
images/Center/000530.png,0
images/Left/001060.png,1
images/ZNull/004230.png,3
images/Right/002580.png,2
images/Left/002561.png,1
images/Left/001750.png,1
images/Right/002733.png,2
images/Center/003172.png,0
images/Left/002549.png,1
images/ZNull/002475.png,3
images/Right/001648.png,2
images/Right/002874.png,2
images/Right/001861.png,2
images/Right/002919.png,2
images/Center/000660.png,0
images/ZNull/006719.png,3
images/ZNull/002995.png,3
images/Right/001230.png,2
images/Left/000545.png,1
images/Left/001385.png,1
images/Center/003208.png,0
images/Right/002967.png,2
images/Right/002484.png,2
images/ZNull/007502.png,3
images/Right/002928.png,2
images/Center/000275.png,0
images/ZNull/007367.png,3
images/Center/000135.png,0
images/Center/002432.png,0
images/Left/002697.png,1
images/Left/000945.png,1
images/ZNull/003295.png,3
images/Center/003973.png,0
images/ZNull/000485.png,3
images/Right/000115.png,2
images/Right/003399.png,2
images/Left/000950.png,1
images/Right/001390.png,2
images/ZNull/004974.png,3
images/Right/001505.png,2
images/Left/000965.png,1
images/Left/002763.png,1
images/ZNull/006389.png,3
images/Center/003598.png,0
images/ZNull/003110.png,3
images/Right/001922.png,2
images/Right/003294.png,2
images/ZNull/001465.png,3
images/Center/002756.png,0
images/Right/000305.png,2
images/Center/003355.png,0
images/Left/002186.png,1
images/ZNull/006347.png,3
images/ZNull/006095.png,3
images/ZNull/002400.png,3
images/Center/003604.png,0
images/ZNull/005208.png,3
images/Left/001045.png,1
images/ZNull/006239.png,3
images/Center/002372.png,0
images/Right/001545.png,2
images/ZNull/006875.png,3
images/Center/001220.png,0
images/ZNull/004980.png,3
images/ZNull/002065.png,3
images/Left/001460.png,1
images/Right/001886.png,2
images/Center/001060.png,0
images/ZNull/005004.png,3
images/Right/002313.png,2
images/Right/003402.png,2
images/Left/001970.png,1
images/ZNull/006977.png,3
images/ZNull/006809.png,3
images/Right/002210.png,2
images/ZNull/001860.png,3
images/Center/003367.png,0
images/ZNull/007244.png,3
images/Left/001680.png,1
images/Right/001904.png,2
images/ZNull/005049.png,3
images/Right/000520.png,2
images/Center/002630.png,0
images/Right/003105.png,2
images/Right/003237.png,2
images/Center/000390.png,0
images/ZNull/005987.png,3
images/ZNull/006737.png,3
images/ZNull/004555.png,3
images/Left/000175.png,1
images/ZNull/006140.png,3
images/Center/002459.png,0
images/ZNull/000495.png,3
images/Center/002426.png,0
images/ZNull/002965.png,3
images/ZNull/000815.png,3
images/ZNull/006701.png,3
images/Center/003094.png,0
images/ZNull/007901.png,3
images/Right/001852.png,2
images/Center/003535.png,0
images/Right/003387.png,2
images/Left/002902.png,1
images/ZNull/006758.png,3
images/Left/001095.png,1
images/Right/000155.png,2
images/Right/001871.png,2
images/Right/002664.png,2
images/Right/002186.png,2
images/ZNull/007742.png,3
images/Right/000620.png,2
images/Right/002769.png,2
images/Right/002697.png,2
images/Left/001840.png,1
images/Right/001663.png,2
images/Left/002333.png,1
images/ZNull/002825.png,3
images/ZNull/001335.png,3
images/ZNull/007082.png,3
images/Center/001805.png,0
images/ZNull/007892.png,3
images/ZNull/000130.png,3
images/ZNull/006434.png,3
images/Left/001964.png,1
images/ZNull/007271.png,3
images/Center/004039.png,0
images/ZNull/005331.png,3
images/ZNull/000960.png,3
images/Right/002397.png,2
images/ZNull/006566.png,3
images/Right/001350.png,2
images/ZNull/007322.png,3
images/ZNull/000445.png,3
images/ZNull/007037.png,3
images/ZNull/006188.png,3
images/Center/003385.png,0
images/Right/001934.png,2
images/ZNull/000175.png,3
images/ZNull/006233.png,3
images/Left/001775.png,1
images/ZNull/007751.png,3
images/Right/000010.png,2
images/Center/002060.png,0
images/ZNull/005687.png,3
images/ZNull/000285.png,3
images/Left/001470.png,1
images/ZNull/002010.png,3
images/Center/000355.png,0
images/ZNull/005112.png,3
images/Center/001780.png,0
images/Left/002060.png,1
images/Right/002838.png,2
images/ZNull/005097.png,3
images/Center/003205.png,0
images/Right/000090.png,2
images/Left/002540.png,1
images/ZNull/007289.png,3
images/Left/002417.png,1
images/ZNull/007001.png,3
images/Center/003199.png,0
images/Left/000525.png,1
images/Center/001755.png,0
images/Center/003427.png,0
images/Right/000600.png,2
images/Left/003262.png,1
images/Right/002964.png,2
images/ZNull/006821.png,3
images/ZNull/000980.png,3
images/ZNull/007631.png,3
images/ZNull/005717.png,3
images/Right/002231.png,2
images/Left/003145.png,1
images/Center/003463.png,0
images/Center/003319.png,0
images/Right/001220.png,2
images/Right/002640.png,2
images/Right/000190.png,2
images/Left/000480.png,1
images/Center/003310.png,0
images/Left/000565.png,1
images/Right/002430.png,2
images/Right/000345.png,2
images/Center/000585.png,0
images/ZNull/003625.png,3
images/ZNull/005356.png,3
images/Center/000120.png,0
images/ZNull/001270.png,3
images/ZNull/004280.png,3
images/Left/003154.png,1
images/ZNull/001035.png,3
images/ZNull/000210.png,3
images/Left/003478.png,1
images/ZNull/002530.png,3
images/ZNull/002395.png,3
images/ZNull/005513.png,3
images/ZNull/005651.png,3
images/ZNull/005843.png,3
images/Center/001225.png,0
images/Right/001135.png,2
images/ZNull/003230.png,3
images/Right/003198.png,2
images/ZNull/007547.png,3
images/Left/002820.png,1
images/ZNull/001010.png,3
images/Left/001655.png,1
images/Left/003232.png,1
images/Center/000190.png,0
images/Right/003183.png,2
images/Right/002904.png,2
images/Center/000075.png,0
images/Center/003913.png,0
images/Left/002444.png,1
images/ZNull/004866.png,3
images/Right/002496.png,2
images/Left/002914.png,1
images/ZNull/006857.png,3
images/ZNull/000355.png,3
images/Right/002246.png,2
images/ZNull/000570.png,3
images/Left/001907.png,1
images/Center/003730.png,0
images/Left/002983.png,1
images/Center/000330.png,0
images/Right/000755.png,2
images/Center/003874.png,0
images/Left/001952.png,1
images/ZNull/002315.png,3
images/ZNull/005780.png,3
images/ZNull/008243.png,3
images/Right/000795.png,2
images/Right/001919.png,2
images/Center/003955.png,0
images/ZNull/002990.png,3
images/ZNull/003795.png,3
images/Left/000420.png,1
images/Left/003202.png,1
images/ZNull/002445.png,3
images/ZNull/001215.png,3
images/Left/001355.png,1
images/Center/000415.png,0
images/ZNull/004050.png,3
images/Left/002486.png,1
images/ZNull/007259.png,3
images/Right/000005.png,2
images/ZNull/005328.png,3
images/Center/001685.png,0
images/Center/003838.png,0
images/ZNull/003015.png,3
images/ZNull/003715.png,3
images/ZNull/006260.png,3
images/ZNull/004550.png,3
images/Left/001883.png,1
images/Right/001585.png,2
images/ZNull/006452.png,3
images/Right/003213.png,2
images/ZNull/000190.png,3
images/ZNull/004430.png,3
images/Left/002962.png,1
images/ZNull/006731.png,3
images/Center/000650.png,0
images/ZNull/006536.png,3
images/Left/003064.png,1
images/Center/003187.png,0
images/Right/002949.png,2
images/ZNull/004730.png,3
images/Left/001605.png,1
images/ZNull/007205.png,3
images/ZNull/007079.png,3
images/ZNull/005831.png,3
images/ZNull/005984.png,3
images/ZNull/001885.png,3
images/Left/002420.png,1
images/Center/003349.png,0
images/ZNull/007832.png,3
images/Left/001595.png,1
images/Center/001030.png,0
images/Left/002159.png,1
images/Center/002175.png,0
images/Right/001931.png,2
images/Left/000065.png,1
images/Right/002886.png,2
images/Left/000340.png,1
images/Left/002866.png,1
images/ZNull/001070.png,3
images/Center/001440.png,0
images/Center/003643.png,0
images/Center/003892.png,0
images/ZNull/004185.png,3
images/Center/002160.png,0
images/ZNull/007349.png,3
images/Center/002787.png,0
images/ZNull/004800.png,3
images/Left/000580.png,1
images/Left/003163.png,1
images/ZNull/005999.png,3
images/ZNull/005774.png,3
images/Center/000500.png,0
images/ZNull/005413.png,3
images/Left/003172.png,1
images/Center/001590.png,0
images/Left/003019.png,1
images/ZNull/008060.png,3
images/ZNull/000185.png,3
images/Left/001135.png,1
images/ZNull/006248.png,3
images/ZNull/006518.png,3
images/Left/002492.png,1
images/ZNull/005199.png,3
images/Left/002881.png,1
images/ZNull/007505.png,3
images/ZNull/002840.png,3
images/Center/000885.png,0
images/Left/003118.png,1
images/ZNull/003785.png,3
images/ZNull/000035.png,3
images/ZNull/004986.png,3
images/Center/003622.png,0
images/Left/000295.png,1
images/Right/003144.png,2
images/Center/002225.png,0
images/Center/000040.png,0
images/ZNull/007736.png,3
images/ZNull/007472.png,3
images/Right/002637.png,2
images/Right/001255.png,2
images/ZNull/007028.png,3
images/ZNull/008156.png,3
images/ZNull/003540.png,3
images/Center/002135.png,0
images/ZNull/004270.png,3
images/ZNull/001325.png,3
images/Center/003012.png,0
images/Right/000300.png,2
images/Right/002168.png,2
images/ZNull/007268.png,3
images/ZNull/001685.png,3
images/Center/000440.png,0
images/Center/000580.png,0
images/Center/000700.png,0
images/Right/003291.png,2
images/Left/000000.png,1
images/ZNull/001725.png,3
images/Right/000950.png,2
images/ZNull/006362.png,3
images/ZNull/001265.png,3
images/ZNull/008096.png,3
images/ZNull/003115.png,3
images/Right/003231.png,2
images/ZNull/005624.png,3
images/Center/003163.png,0
images/ZNull/002240.png,3
images/Right/001816.png,2
images/Left/002805.png,1
images/ZNull/002805.png,3
images/ZNull/005452.png,3
images/ZNull/007139.png,3
images/Center/002603.png,0
images/Center/003481.png,0
images/ZNull/003680.png,3
images/Center/003787.png,0
images/ZNull/006554.png,3
images/Left/001770.png,1
images/Right/003066.png,2
images/ZNull/005894.png,3
images/Right/001595.png,2
images/ZNull/003215.png,3
images/ZNull/002915.png,3
images/Left/002294.png,1
images/ZNull/005401.png,3
images/Left/000885.png,1
images/ZNull/002955.png,3
images/Right/001535.png,2
images/ZNull/007328.png,3
images/ZNull/004989.png,3
images/Center/002546.png,0
images/ZNull/005876.png,3
images/Left/001405.png,1
images/Left/000500.png,1
images/Center/002456.png,0
images/Center/000630.png,0
images/ZNull/007628.png,3
images/Left/001958.png,1
images/Center/001560.png,0
images/Center/001500.png,0
images/ZNull/000120.png,3
images/ZNull/003310.png,3
images/ZNull/002540.png,3
images/Center/003934.png,0
images/ZNull/006320.png,3
images/ZNull/008057.png,3
images/Center/002276.png,0
images/Right/000830.png,2
images/Left/003313.png,1
images/ZNull/006707.png,3
images/ZNull/001715.png,3
images/Center/003130.png,0
images/Left/002189.png,1
images/Left/001035.png,1
images/Center/003045.png,0
images/Right/001125.png,2
images/Left/002255.png,1
images/Right/000160.png,2
images/Right/000255.png,2
images/ZNull/005939.png,3
images/Left/001670.png,1
images/Center/003229.png,0
images/ZNull/006905.png,3
images/Right/000625.png,2
images/ZNull/001075.png,3
images/Right/002868.png,2
images/Right/001798.png,2
images/Center/003682.png,0
images/Right/002042.png,2
images/ZNull/000765.png,3
images/Center/000195.png,0
images/Right/000175.png,2
images/Left/002619.png,1
images/ZNull/005253.png,3
images/ZNull/006668.png,3
images/Center/002898.png,0
images/ZNull/003245.png,3
images/Left/002096.png,1
images/Right/002198.png,2
images/ZNull/003695.png,3
images/ZNull/001605.png,3
images/Center/002687.png,0
images/ZNull/000205.png,3
images/Right/003060.png,2
images/Left/003499.png,1
images/Center/001510.png,0
images/Center/003511.png,0
images/ZNull/007775.png,3
images/Left/002465.png,1
images/ZNull/001430.png,3
images/Right/001994.png,2
images/Right/000915.png,2
images/Right/000320.png,2
images/ZNull/004615.png,3
images/ZNull/005467.png,3
images/Center/000370.png,0
images/ZNull/007520.png,3
images/Left/003178.png,1
images/ZNull/005756.png,3
images/Right/001774.png,2
images/Right/002973.png,2
images/Center/002726.png,0
images/ZNull/006635.png,3
images/ZNull/007340.png,3
images/Right/003330.png,2
images/Right/000695.png,2
images/ZNull/004255.png,3
images/Center/000130.png,0
images/Center/003988.png,0
images/Left/003454.png,1
images/ZNull/008153.png,3
images/ZNull/001205.png,3
images/ZNull/007559.png,3
images/Left/002297.png,1
images/Right/003090.png,2
images/Left/002640.png,1
images/Right/001768.png,2
images/Center/001795.png,0
images/Center/000280.png,0
images/Left/001380.png,1
images/Left/002622.png,1
images/Left/002345.png,1
images/Left/001310.png,1
images/ZNull/005957.png,3
images/Center/002498.png,0
images/Left/003406.png,1
images/Right/002123.png,2
images/Center/001110.png,0
images/Center/002390.png,0
images/Center/002288.png,0
images/Center/002913.png,0
images/ZNull/006083.png,3
images/Right/002000.png,2
images/ZNull/006722.png,3
images/Right/002316.png,2
images/ZNull/006542.png,3
images/ZNull/008132.png,3
images/ZNull/003380.png,3
images/Right/001540.png,2
images/ZNull/003190.png,3
images/Right/001005.png,2
images/Left/001810.png,1
images/ZNull/001080.png,3
images/Left/001560.png,1
images/Right/002559.png,2
images/Center/003487.png,0
images/ZNull/000195.png,3
images/Right/002475.png,2
images/Center/001940.png,0
images/Left/002015.png,1
images/ZNull/007913.png,3
images/Right/001590.png,2
images/Right/000210.png,2
images/Center/003901.png,0
images/ZNull/000090.png,3
images/ZNull/006329.png,3
images/Center/002976.png,0
images/Center/001355.png,0
images/Right/001185.png,2
images/ZNull/002265.png,3
images/Center/001045.png,0
images/ZNull/005789.png,3
images/Right/002141.png,2
images/ZNull/006053.png,3
images/Center/002555.png,0
images/ZNull/004953.png,3
images/Center/002612.png,0
images/Left/002063.png,1
images/ZNull/005109.png,3
images/Center/000685.png,0
images/Center/000295.png,0
images/Left/001815.png,1
images/ZNull/006908.png,3
images/Right/000690.png,2
images/ZNull/004795.png,3
images/ZNull/007016.png,3
images/Left/002129.png,1
images/Right/001699.png,2
images/Left/002724.png,1
images/Left/002438.png,1
images/Right/002706.png,2
images/ZNull/001235.png,3
images/Right/001877.png,2
images/Right/001460.png,2
images/Center/003157.png,0
images/Center/004099.png,0
images/ZNull/000925.png,3
images/ZNull/004690.png,3
images/ZNull/004170.png,3
images/ZNull/006440.png,3
images/Center/003997.png,0
images/Right/002009.png,2
images/Center/004108.png,0
images/Left/002814.png,1
images/ZNull/006557.png,3
images/ZNull/007748.png,3
images/Left/002312.png,1
images/ZNull/006782.png,3
images/ZNull/007799.png,3
images/ZNull/001140.png,3
images/ZNull/002050.png,3
images/Left/001435.png,1
images/Left/003337.png,1
images/Left/002998.png,1
images/ZNull/004530.png,3
images/Right/002946.png,2
images/Right/002970.png,2
images/Left/003010.png,1
images/ZNull/005576.png,3
images/Right/001681.png,2
images/Center/003784.png,0
images/ZNull/005615.png,3
images/ZNull/008189.png,3
images/Left/002745.png,1
images/ZNull/005549.png,3
images/Left/002751.png,1
images/Center/000830.png,0
images/Right/002138.png,2
images/Center/001825.png,0
images/ZNull/008039.png,3
images/ZNull/008033.png,3
images/ZNull/007874.png,3
images/Right/002952.png,2
images/ZNull/006689.png,3
images/Left/000045.png,1
images/Left/001360.png,1
images/ZNull/007052.png,3
images/ZNull/005498.png,3
images/Left/001090.png,1
images/Left/003331.png,1
images/Left/003208.png,1
images/Right/000350.png,2
images/Right/001165.png,2
images/Center/003610.png,0
images/Right/000660.png,2
images/ZNull/000010.png,3
images/Right/002439.png,2
images/Left/002685.png,1
images/Center/002417.png,0
images/ZNull/000845.png,3
images/ZNull/007577.png,3
images/ZNull/004445.png,3
images/Left/003316.png,1
images/ZNull/007898.png,3
images/ZNull/005585.png,3
images/Right/002592.png,2
images/ZNull/005870.png,3
images/Center/002405.png,0
images/Right/003345.png,2
images/ZNull/003490.png,3
images/ZNull/000460.png,3
images/ZNull/005022.png,3
images/ZNull/007622.png,3
images/Left/000615.png,1
images/Right/001380.png,2
images/Center/003844.png,0
images/Left/000470.png,1
images/Center/003694.png,0
images/Left/002631.png,1
images/ZNull/007604.png,3
images/ZNull/005684.png,3
images/Center/003133.png,0
images/Left/001710.png,1
images/Center/003946.png,0
images/ZNull/002120.png,3
images/ZNull/001255.png,3
images/ZNull/007553.png,3
images/Right/000075.png,2
images/Center/003175.png,0
images/Right/002778.png,2
images/Left/003544.png,1
images/Center/001245.png,0
images/Center/003826.png,0
images/Left/000210.png,1
images/Center/003036.png,0
images/Center/001380.png,0
images/ZNull/006995.png,3
images/Left/003013.png,1
images/ZNull/002255.png,3
images/ZNull/007115.png,3
images/ZNull/007889.png,3
images/Left/001050.png,1
images/Right/002472.png,2
images/ZNull/001965.png,3
images/Right/002715.png,2
images/Right/002409.png,2
images/ZNull/007925.png,3
images/Left/002712.png,1
images/Left/003607.png,1
images/Center/002273.png,0
images/Left/002387.png,1
images/ZNull/002105.png,3
images/ZNull/006173.png,3
images/ZNull/006470.png,3
images/ZNull/005449.png,3
images/ZNull/007448.png,3
images/Right/000665.png,2
images/Left/003397.png,1
images/ZNull/003980.png,3
images/Left/002429.png,1
images/Right/001828.png,2
images/Left/002558.png,1
images/Right/001310.png,2
images/ZNull/002780.png,3
images/Center/000110.png,0
images/Center/004117.png,0
images/ZNull/006446.png,3
images/ZNull/003515.png,3
images/Center/004084.png,0
images/ZNull/000370.png,3
images/Right/002382.png,2
images/ZNull/002270.png,3
images/ZNull/000705.png,3
images/Left/002378.png,1
images/Right/002445.png,2
images/ZNull/000835.png,3
images/Center/001130.png,0
images/Left/001350.png,1
images/Right/001470.png,2
images/Right/003273.png,2
images/Right/002772.png,2
images/ZNull/008105.png,3
images/Center/003808.png,0
images/Center/000635.png,0
images/ZNull/002610.png,3
images/ZNull/006569.png,3
images/Center/002140.png,0
images/ZNull/002250.png,3
images/Left/000455.png,1
images/Center/003307.png,0
images/Center/000815.png,0
images/ZNull/005058.png,3
images/Center/003505.png,0
images/Left/003292.png,1
images/ZNull/004890.png,3
images/Left/002075.png,1
images/ZNull/007817.png,3
images/Left/000675.png,1
images/Right/002183.png,2
images/Right/001260.png,2
images/Left/000350.png,1
images/ZNull/007391.png,3
images/Right/001759.png,2
images/ZNull/002645.png,3
images/ZNull/006650.png,3
images/Center/001600.png,0
images/ZNull/001440.png,3
images/ZNull/005247.png,3
images/Left/002405.png,1
images/ZNull/002560.png,3
images/Center/002699.png,0
images/Center/001305.png,0
images/ZNull/001950.png,3
images/ZNull/000680.png,3
images/ZNull/007883.png,3
images/ZNull/003810.png,3
images/Right/002649.png,2
images/Center/001595.png,0
images/ZNull/000655.png,3
images/Right/002466.png,2
images/ZNull/004995.png,3
images/ZNull/003900.png,3
images/Left/001200.png,1
images/Left/002625.png,1
images/ZNull/001515.png,3
images/Left/001320.png,1
images/Center/001290.png,0
images/ZNull/002320.png,3
images/ZNull/000170.png,3
images/ZNull/002290.png,3
images/ZNull/006653.png,3
images/ZNull/000775.png,3
images/Center/002125.png,0
images/Left/002090.png,1
images/Right/003249.png,2
images/ZNull/002745.png,3
images/ZNull/000155.png,3
images/ZNull/003445.png,3
images/ZNull/005193.png,3
images/Left/003565.png,1
images/ZNull/005765.png,3
images/Center/000525.png,0
images/ZNull/005244.png,3
images/ZNull/006812.png,3
images/Right/002961.png,2
images/Center/001240.png,0
images/Right/000310.png,2
images/Right/002391.png,2
images/ZNull/001435.png,3
images/ZNull/002925.png,3
images/Right/002282.png,2
images/Left/003538.png,1
images/Right/000700.png,2
images/ZNull/002545.png,3
images/Left/002643.png,1
images/Right/000920.png,2
images/Center/003268.png,0
images/Left/003484.png,1
images/Center/001165.png,0
images/ZNull/007760.png,3
images/Left/000725.png,1
images/ZNull/003120.png,3
images/ZNull/006128.png,3
images/Left/001988.png,1
images/ZNull/001970.png,3
images/Left/003061.png,1
images/Right/003318.png,2
images/ZNull/002570.png,3
images/Center/000785.png,0
images/Right/002030.png,2
images/ZNull/006398.png,3
images/Right/002643.png,2
images/Center/002865.png,0
images/Right/002913.png,2
images/ZNull/007766.png,3
images/ZNull/001095.png,3
images/ZNull/004385.png,3
images/Center/002738.png,0
images/ZNull/003315.png,3
images/Center/003070.png,0
images/Right/000840.png,2
images/Right/001651.png,2
images/Left/002739.png,1
images/Right/000615.png,2
images/ZNull/007103.png,3
images/Left/002132.png,1
images/ZNull/005226.png,3
images/ZNull/007106.png,3
images/Right/001765.png,2
images/Left/002045.png,1
images/Right/002511.png,2
images/Center/000465.png,0
images/Center/000070.png,0
images/ZNull/008258.png,3
images/ZNull/003790.png,3
images/Left/002570.png,1
images/Center/001210.png,0
images/Right/000145.png,2
images/Center/001405.png,0
images/Right/000110.png,2
images/Center/003769.png,0
images/ZNull/006845.png,3
images/Left/002606.png,1
images/ZNull/007823.png,3
images/ZNull/007478.png,3
images/ZNull/000360.png,3
images/ZNull/006302.png,3
images/Right/001973.png,2
images/Left/003199.png,1
images/Right/001952.png,2
images/ZNull/007550.png,3
images/Right/000545.png,2
images/Left/003130.png,1
images/Left/001976.png,1
images/Left/003547.png,1
images/ZNull/006431.png,3
images/ZNull/004715.png,3
images/Left/001940.png,1
images/Right/003252.png,2
images/Center/002552.png,0
images/ZNull/005142.png,3
images/Right/001702.png,2
images/Center/002832.png,0
images/ZNull/005708.png,3
images/ZNull/007316.png,3
images/Center/001140.png,0
images/ZNull/000605.png,3
images/ZNull/005157.png,3
images/ZNull/003765.png,3
images/Center/001020.png,0
images/Center/004024.png,0
images/ZNull/001415.png,3
images/Center/001395.png,0
images/ZNull/007442.png,3
images/Left/003445.png,1
images/Left/003370.png,1
images/ZNull/003195.png,3
images/Center/002453.png,0
images/Left/002222.png,1
images/Center/000490.png,0
images/ZNull/004210.png,3
images/Left/002093.png,1
images/ZNull/004600.png,3
images/ZNull/001120.png,3
images/ZNull/005079.png,3
images/ZNull/001370.png,3
images/ZNull/007250.png,3
images/Left/001700.png,1
images/Right/000180.png,2
images/Left/003439.png,1
images/Right/001330.png,2
images/ZNull/002795.png,3
images/Left/003121.png,1
images/ZNull/005118.png,3
images/Center/002120.png,0
images/Left/003094.png,1
images/ZNull/000045.png,3
images/ZNull/004887.png,3
images/ZNull/005852.png,3
images/Center/003262.png,0
images/ZNull/004938.png,3
images/Left/001085.png,1
images/ZNull/007265.png,3
images/ZNull/005618.png,3
images/Center/001665.png,0
images/Left/001055.png,1
images/ZNull/003615.png,3
images/Center/000025.png,0
images/Right/001465.png,2
images/ZNull/001775.png,3
images/Right/001837.png,2
images/ZNull/003575.png,3
images/Left/001735.png,1
images/ZNull/007109.png,3
images/Center/002000.png,0
images/Right/001455.png,2
images/Left/001270.png,1
images/ZNull/004340.png,3
images/Right/002631.png,2
images/Right/000205.png,2
images/ZNull/000640.png,3
images/Left/002441.png,1
images/Left/002399.png,1
images/ZNull/007625.png,3
images/Right/001690.png,2
images/ZNull/003480.png,3
images/Right/002021.png,2
images/Center/003724.png,0
images/ZNull/004295.png,3
images/ZNull/000410.png,3
images/ZNull/001840.png,3
images/Right/003390.png,2
images/ZNull/005561.png,3
images/Left/002588.png,1
images/Center/003346.png,0
images/Center/000760.png,0
images/ZNull/007982.png,3
images/Left/002459.png,1
images/ZNull/004685.png,3
images/Center/002249.png,0
images/Right/003240.png,2
images/ZNull/000905.png,3
images/Right/001858.png,2
images/Left/002234.png,1
images/ZNull/006989.png,3
images/Right/003264.png,2
images/ZNull/007661.png,3
images/Left/002995.png,1
images/ZNull/000070.png,3
images/Right/002033.png,2
images/ZNull/005446.png,3
images/Right/001170.png,2
images/ZNull/006371.png,3
images/Right/003075.png,2
images/Center/002588.png,0
images/Left/001675.png,1
images/ZNull/001575.png,3
images/Right/000235.png,2
images/ZNull/007010.png,3
images/ZNull/000430.png,3
images/ZNull/007904.png,3
images/Left/002342.png,1
images/Right/001955.png,2
images/ZNull/003020.png,3
images/ZNull/005217.png,3
images/Center/003457.png,0
images/ZNull/007757.png,3
images/ZNull/000800.png,3
images/Left/002369.png,1
images/Right/002805.png,2
images/Right/000485.png,2
images/Center/004096.png,0
images/Left/001210.png,1
images/ZNull/003095.png,3
images/Left/001635.png,1
images/ZNull/007679.png,3
images/ZNull/004575.png,3
images/Left/002027.png,1
images/Left/001800.png,1
images/ZNull/005190.png,3
images/Left/000605.png,1
images/Right/002126.png,2
images/Left/000895.png,1
images/Left/000915.png,1
images/ZNull/000375.png,3
images/ZNull/006257.png,3
images/Center/001575.png,0
images/Left/002878.png,1
images/Left/001695.png,1
images/ZNull/008123.png,3
images/Right/000835.png,2
images/ZNull/005419.png,3
images/Right/002216.png,2
images/ZNull/006287.png,3
images/Right/000720.png,2
images/Right/000465.png,2
images/ZNull/007784.png,3
images/ZNull/005250.png,3
images/ZNull/007124.png,3
images/Left/000030.png,1
images/Right/002307.png,2
images/Right/000035.png,2
images/Center/002762.png,0
images/Right/003216.png,2
images/ZNull/004926.png,3
images/Center/002904.png,0
images/Center/000255.png,0
images/Right/002078.png,2
images/Right/002499.png,2
images/Right/002237.png,2
images/Center/000845.png,0
images/Center/004060.png,0
images/Right/000410.png,2
images/ZNull/008138.png,3
images/Right/003003.png,2
images/Right/000870.png,2
images/Left/002396.png,1
images/ZNull/005178.png,3
images/Left/002306.png,1
images/ZNull/004175.png,3
images/ZNull/007637.png,3
images/ZNull/007361.png,3
images/ZNull/002790.png,3
images/ZNull/004824.png,3
images/Center/003166.png,0
images/Center/001135.png,0
images/ZNull/006266.png,3
images/Left/003040.png,1
images/Center/002916.png,0
images/ZNull/005064.png,3
images/ZNull/002680.png,3
images/ZNull/006980.png,3
images/ZNull/004325.png,3
images/Left/000710.png,1
images/ZNull/001230.png,3
images/Center/003139.png,0
images/Left/002048.png,1
images/ZNull/000830.png,3
images/ZNull/003805.png,3
images/Left/000680.png,1
images/ZNull/007808.png,3
images/ZNull/000135.png,3
images/ZNull/006296.png,3
images/ZNull/000030.png,3
images/Center/000420.png,0
images/Center/001515.png,0
images/ZNull/001750.png,3
images/Right/001660.png,2
images/ZNull/005410.png,3
images/Left/001545.png,1
images/Left/002784.png,1
images/Center/003490.png,0
images/ZNull/005292.png,3
images/Right/002673.png,2
images/ZNull/005340.png,3
images/ZNull/004947.png,3
images/ZNull/002705.png,3
images/Left/003250.png,1
images/ZNull/006869.png,3
images/ZNull/004872.png,3
images/ZNull/006797.png,3
images/ZNull/001210.png,3
images/ZNull/007862.png,3
images/Left/002114.png,1
images/ZNull/003200.png,3
images/Right/002394.png,2
images/ZNull/004410.png,3
images/ZNull/001795.png,3
images/Left/001180.png,1
images/Center/002360.png,0
images/Center/003316.png,0
images/Left/002911.png,1
images/ZNull/000115.png,3
images/Right/001783.png,2
images/Left/000050.png,1
images/ZNull/007394.png,3
images/Center/003880.png,0
images/Center/002402.png,0
images/Left/001500.png,1
images/Right/002532.png,2
images/Left/002772.png,1
images/Center/000005.png,0
images/Center/003910.png,0
images/ZNull/005389.png,3
images/ZNull/000865.png,3
images/ZNull/003240.png,3
images/ZNull/004944.png,3
images/ZNull/005175.png,3
images/ZNull/003800.png,3
images/ZNull/005732.png,3
images/ZNull/007523.png,3
images/Center/003448.png,0
images/Right/000440.png,2
images/ZNull/008195.png,3
images/Left/000060.png,1
images/Right/001265.png,2
images/Center/001345.png,0
images/Left/002261.png,1
images/ZNull/006425.png,3
images/ZNull/000880.png,3
images/Left/002375.png,1
images/ZNull/003665.png,3
images/Center/001235.png,0
images/Center/002450.png,0
images/Left/001979.png,1
images/Center/000405.png,0
images/Right/002298.png,2
images/Left/003106.png,1
images/ZNull/006245.png,3
images/Center/002781.png,0
images/ZNull/006680.png,3
images/Left/000485.png,1
images/Center/003679.png,0
images/Center/002889.png,0
images/Right/001215.png,2
images/ZNull/000145.png,3
images/Center/002327.png,0
images/Center/000640.png,0
images/ZNull/003150.png,3
images/ZNull/000290.png,3
images/ZNull/005519.png,3
images/Right/001913.png,2
images/Center/003415.png,0
images/Left/000860.png,1
images/Right/001843.png,2
images/ZNull/006449.png,3
images/Right/001789.png,2
images/Right/001070.png,2
images/Left/000305.png,1
images/Center/001490.png,0
images/ZNull/006596.png,3
images/Right/001967.png,2
images/Right/000140.png,2
images/Left/002938.png,1
images/Center/000265.png,0
images/ZNull/001710.png,3
images/Left/003613.png,1
images/ZNull/005169.png,3
images/ZNull/000240.png,3
images/ZNull/007208.png,3
images/ZNull/002695.png,3
images/Center/003193.png,0
images/ZNull/007880.png,3
images/ZNull/005139.png,3
images/Left/000035.png,1
images/Center/003460.png,0
images/Center/003763.png,0
images/Center/000695.png,0
images/Center/002820.png,0
images/Left/002180.png,1
images/ZNull/000125.png,3
images/ZNull/006191.png,3
images/ZNull/002650.png,3
images/Center/002246.png,0
images/ZNull/008069.png,3
images/Right/001895.png,2
images/ZNull/004155.png,3
images/ZNull/001260.png,3
images/ZNull/000305.png,3
images/Right/001395.png,2
images/Center/002115.png,0
images/Right/002234.png,2
images/Right/000405.png,2
images/Right/000980.png,2
images/Left/001170.png,1
images/Center/003895.png,0
images/Left/003457.png,1
images/Center/002444.png,0
images/Center/001035.png,0
images/Center/003979.png,0
images/ZNull/004725.png,3
images/ZNull/007517.png,3
images/Right/002310.png,2
images/Center/001565.png,0
images/Center/003160.png,0
images/ZNull/000255.png,3
images/Right/002856.png,2
images/ZNull/008015.png,3
images/ZNull/006560.png,3
images/ZNull/006806.png,3
images/Right/001285.png,2
images/Center/003883.png,0
images/Right/000380.png,2
images/ZNull/007508.png,3
images/ZNull/005428.png,3
images/Right/000535.png,2
images/ZNull/000645.png,3
images/ZNull/003935.png,3
images/Right/002273.png,2
images/ZNull/007658.png,3
images/Left/002628.png,1
images/ZNull/008255.png,3
images/Left/003058.png,1
images/Center/002040.png,0
images/ZNull/007451.png,3
images/ZNull/002820.png,3
images/Left/003007.png,1
images/ZNull/004435.png,3
images/Right/001140.png,2
images/Left/002081.png,1
images/Center/003619.png,0
images/Center/003778.png,0
images/Left/002477.png,1
images/Center/003039.png,0
images/ZNull/002510.png,3
images/Center/002075.png,0
images/Right/000060.png,2
images/ZNull/004440.png,3
images/ZNull/006656.png,3
images/ZNull/005786.png,3
images/Right/003363.png,2
images/ZNull/002835.png,3
images/ZNull/006677.png,3
images/Right/003030.png,2
images/Right/001520.png,2
images/Left/002546.png,1
images/Left/002402.png,1
images/ZNull/002095.png,3
images/ZNull/005040.png,3
images/Center/001630.png,0
images/Right/003276.png,2
images/Left/003580.png,1
images/Center/003009.png,0
images/ZNull/002635.png,3
images/Center/002835.png,0
images/ZNull/006377.png,3
images/ZNull/005579.png,3
images/Right/003171.png,2
images/Right/002943.png,2
images/Center/000145.png,0
images/ZNull/003125.png,3
images/Center/002702.png,0
images/Center/002050.png,0
images/ZNull/007532.png,3
images/Right/002294.png,2
images/Left/001150.png,1
images/Center/003328.png,0
images/Right/001825.png,2
images/ZNull/002280.png,3
images/Center/000965.png,0
images/ZNull/000515.png,3
images/Right/002610.png,2
images/ZNull/002145.png,3
images/Left/003325.png,1
images/Center/000160.png,0
images/ZNull/007928.png,3
images/Center/002808.png,0
images/Center/000185.png,0
images/Right/003015.png,2
images/Center/003502.png,0
images/Right/002373.png,2
images/ZNull/002115.png,3
images/Left/002845.png,1
images/Right/001335.png,2
images/ZNull/004475.png,3
images/Center/001350.png,0
images/Center/002768.png,0
images/ZNull/006197.png,3
images/Center/003814.png,0
images/ZNull/004360.png,3
images/Right/002358.png,2
images/ZNull/001790.png,3
images/Center/001835.png,0
images/Left/003223.png,1
images/Left/002003.png,1
images/ZNull/000395.png,3
images/Center/003235.png,0
images/ZNull/003290.png,3
images/Right/002343.png,2
images/ZNull/004405.png,3
images/ZNull/001500.png,3
images/Left/002974.png,1
images/ZNull/002890.png,3
images/Left/001250.png,1
images/Left/003016.png,1
images/ZNull/007436.png,3
images/Center/000770.png,0
images/Left/002450.png,1
images/Right/002700.png,2
images/ZNull/004355.png,3
images/Left/002495.png,1
images/ZNull/000105.png,3
images/Left/001225.png,1
images/ZNull/007061.png,3
images/Right/003309.png,2
images/Left/003550.png,1
images/Right/001340.png,2
images/Right/001684.png,2
images/ZNull/000540.png,3
images/ZNull/007916.png,3
images/ZNull/002950.png,3
images/ZNull/004095.png,3
images/Center/000225.png,0
images/Right/000220.png,2
images/ZNull/007370.png,3
images/ZNull/000235.png,3
images/ZNull/004625.png,3
images/ZNull/008147.png,3
images/Center/002964.png,0
images/Center/003568.png,0
images/Left/000120.png,1
images/ZNull/004790.png,3
images/ZNull/004520.png,3
images/Center/002375.png,0
images/Left/002980.png,1
images/Center/003151.png,0
images/Center/001705.png,0
images/Right/000605.png,2
images/ZNull/003250.png,3
images/Center/003868.png,0
images/Left/002501.png,1
images/Right/000705.png,2
images/Center/001105.png,0
images/Right/002502.png,2
images/Left/001835.png,1
images/ZNull/006305.png,3
images/Right/001620.png,2
images/ZNull/001385.png,3
images/ZNull/005322.png,3
images/Center/003736.png,0
images/Right/002910.png,2
images/Center/002170.png,0
images/ZNull/001820.png,3
images/Left/003619.png,1
images/Center/002423.png,0
images/Right/001988.png,2
images/Right/002174.png,2
images/Right/001400.png,2
images/Center/000505.png,0
images/Center/003024.png,0
images/Left/002835.png,1
images/Left/003526.png,1
images/Left/002890.png,1
images/Right/002595.png,2
images/Left/002195.png,1
images/Right/001450.png,2
images/ZNull/005274.png,3
images/ZNull/003820.png,3
images/ZNull/006086.png,3
images/ZNull/006788.png,3
images/Center/002561.png,0
images/ZNull/003325.png,3
images/ZNull/001015.png,3
images/ZNull/004780.png,3
images/Left/002537.png,1
images/ZNull/001180.png,3
images/Left/002775.png,1
images/ZNull/005368.png,3
images/ZNull/001540.png,3
images/Center/001730.png,0
images/Center/003982.png,0
images/Center/003967.png,0
images/Left/001365.png,1
images/ZNull/005220.png,3
images/ZNull/000450.png,3
images/Center/001195.png,0
images/ZNull/007409.png,3
images/Right/000065.png,2
images/Center/003051.png,0
images/ZNull/007469.png,3
images/ZNull/007664.png,3
images/ZNull/006962.png,3
images/ZNull/003570.png,3
images/Center/003898.png,0
images/Center/002991.png,0
images/ZNull/007430.png,3
images/Center/002609.png,0
images/ZNull/005163.png,3
images/Left/002228.png,1
images/Left/003520.png,1
images/Center/000535.png,0
images/ZNull/006500.png,3
images/Left/002381.png,1
images/ZNull/000550.png,3
images/Center/000155.png,0
images/Center/001425.png,0
images/Center/002070.png,0
images/Center/000050.png,0
images/ZNull/006866.png,3
images/Center/000360.png,0
images/ZNull/000245.png,3
images/Right/002481.png,2
images/Right/000610.png,2
images/Left/002884.png,1
images/ZNull/004775.png,3
images/Center/001480.png,0
images/ZNull/006926.png,3
images/Left/003586.png,1
images/Left/002051.png,1
images/ZNull/003525.png,3
images/ZNull/007301.png,3
images/Left/001570.png,1
images/Center/002190.png,0
images/ZNull/007652.png,3
images/Center/000875.png,0
images/Right/002613.png,2
images/Left/003166.png,1
images/ZNull/002005.png,3
images/Center/000750.png,0
images/ZNull/007730.png,3
images/Left/002612.png,1
images/ZNull/005612.png,3
images/ZNull/005933.png,3
images/Right/001747.png,2
images/ZNull/008099.png,3
images/Center/002735.png,0
images/ZNull/007949.png,3
images/ZNull/005241.png,3
images/Center/001865.png,0
images/Left/000080.png,1
images/Left/003004.png,1
images/ZNull/000730.png,3
images/ZNull/005187.png,3
images/ZNull/001240.png,3
images/Right/002679.png,2
images/Center/002675.png,0
images/Right/001500.png,2
images/ZNull/005948.png,3
images/Left/003070.png,1
images/ZNull/003590.png,3
images/ZNull/005936.png,3
images/Right/002297.png,2
images/Right/001925.png,2
images/ZNull/005371.png,3
images/ZNull/007970.png,3
images/Right/000900.png,2
images/Left/000665.png,1
images/ZNull/000220.png,3
images/Left/002860.png,1
images/Center/002438.png,0
images/ZNull/004045.png,3
images/ZNull/007805.png,3
images/ZNull/000225.png,3
images/ZNull/006878.png,3
images/Right/002240.png,2
images/Right/003132.png,2
images/ZNull/005819.png,3
images/Left/002703.png,1
images/Right/002895.png,2
images/Left/003496.png,1
images/Left/001425.png,1
images/ZNull/000670.png,3
images/ZNull/005807.png,3
images/ZNull/006263.png,3
images/Left/000620.png,1
images/ZNull/003700.png,3
images/Center/001485.png,0
images/ZNull/002505.png,3
images/Center/000605.png,0
images/Left/002267.png,1
images/Center/002747.png,0
images/Right/000365.png,2
images/Center/003436.png,0
images/Center/000095.png,0
images/ZNull/004125.png,3
images/Right/003108.png,2
images/Left/000475.png,1
images/Right/001946.png,2
images/Left/003046.png,1
images/Right/003174.png,2
images/Right/000325.png,2
images/ZNull/005127.png,3
images/Center/001010.png,0
images/Center/002997.png,0
images/Center/003214.png,0
images/ZNull/001375.png,3
images/Right/002754.png,2
images/Center/003652.png,0
images/Left/002018.png,1
images/ZNull/002330.png,3
images/ZNull/003995.png,3
images/Center/002095.png,0
images/ZNull/004245.png,3
images/Center/003376.png,0
images/Right/003054.png,2
images/Center/002937.png,0
images/Right/002727.png,2
images/ZNull/005151.png,3
images/Center/003829.png,0
images/ZNull/003410.png,3
images/ZNull/005262.png,3
images/Center/002982.png,0
images/Right/000585.png,2
images/ZNull/001810.png,3
images/Right/003051.png,2
images/Right/003162.png,2
images/Left/000390.png,1
images/ZNull/005555.png,3
images/Left/003277.png,1
images/Right/002766.png,2
images/ZNull/005001.png,3
images/Left/001565.png,1
images/ZNull/003360.png,3
images/Right/003366.png,2
images/Right/001045.png,2
images/ZNull/007961.png,3
images/Center/000435.png,0
images/ZNull/004735.png,3
images/ZNull/000260.png,3
images/Left/003244.png,1
images/ZNull/003455.png,3
images/Center/000690.png,0
images/Center/001580.png,0
images/ZNull/001485.png,3
images/Center/003478.png,0
images/Center/003670.png,0
images/ZNull/001365.png,3
images/Center/000665.png,0
images/Center/003253.png,0
images/Right/002177.png,2
images/Right/000630.png,2
images/Right/001480.png,2
images/ZNull/007931.png,3
images/Left/003085.png,1
images/ZNull/007481.png,3
images/ZNull/002070.png,3
images/ZNull/003030.png,3
images/ZNull/002500.png,3
images/Center/002215.png,0
images/ZNull/005681.png,3
images/Center/002847.png,0
images/Right/001475.png,2
images/ZNull/006419.png,3
images/Center/001810.png,0
images/Right/001982.png,2
images/Center/000325.png,0
images/ZNull/004130.png,3
images/ZNull/005094.png,3
images/ZNull/007184.png,3
images/Right/002132.png,2
images/Right/000825.png,2
images/Center/002741.png,0
images/ZNull/005627.png,3
images/Left/003091.png,1
images/Right/003042.png,2
images/Right/002787.png,2
images/Center/004090.png,0
images/Right/000525.png,2
images/ZNull/007850.png,3
images/Left/000430.png,1
images/Right/000785.png,2
images/Right/002817.png,2
images/ZNull/000750.png,3
images/ZNull/006935.png,3
images/Center/001980.png,0
images/Center/002796.png,0
images/Left/000810.png,1
images/Left/002453.png,1
images/ZNull/006506.png,3
images/ZNull/007712.png,3
images/ZNull/005337.png,3
images/Center/002291.png,0
images/Left/003289.png,1
images/Right/001515.png,2
images/ZNull/003880.png,3
images/ZNull/005458.png,3
images/Left/002582.png,1
images/ZNull/001900.png,3
images/Center/001470.png,0
images/Left/000300.png,1
images/ZNull/000425.png,3
images/ZNull/002700.png,3
images/ZNull/007877.png,3
images/ZNull/004260.png,3
images/ZNull/005028.png,3
images/ZNull/007325.png,3
images/ZNull/003895.png,3
images/Left/002213.png,1
images/ZNull/001045.png,3
images/Center/000980.png,0
images/Center/000570.png,0
images/ZNull/005295.png,3
images/ZNull/007493.png,3
images/ZNull/007178.png,3
images/Left/002168.png,1
images/Left/002423.png,1
images/Center/002090.png,0
images/ZNull/007778.png,3
images/Left/002926.png,1
images/Left/002721.png,1
images/Left/001175.png,1
images/Right/000435.png,2
images/Right/002355.png,2
images/Center/000900.png,0
images/Left/002216.png,1
images/ZNull/004235.png,3
images/Left/002366.png,1
images/Center/000810.png,0
images/Center/001505.png,0
images/ZNull/006611.png,3
images/Left/001645.png,1
images/ZNull/006998.png,3
images/Left/003127.png,1
images/ZNull/000920.png,3
images/ZNull/002390.png,3
images/Center/003196.png,0
images/Left/003274.png,1
images/ZNull/007313.png,3
images/Left/000100.png,1
images/ZNull/005398.png,3
images/Center/000215.png,0
images/Center/002850.png,0
images/Left/001100.png,1
images/Center/004105.png,0
images/Center/003030.png,0
images/ZNull/006203.png,3
images/ZNull/002345.png,3
images/Right/002352.png,2
images/Left/002616.png,1
images/ZNull/006626.png,3
images/Right/001970.png,2
images/Left/002796.png,1
images/Center/002681.png,0
images/Left/002426.png,1
images/Left/000730.png,1
images/ZNull/005085.png,3
images/Left/003532.png,1
images/ZNull/007769.png,3
images/ZNull/005007.png,3
images/Center/003103.png,0
images/ZNull/006479.png,3
images/Left/001825.png,1
images/Center/001860.png,0
images/ZNull/001645.png,3
images/ZNull/003070.png,3
images/Center/003421.png,0
images/ZNull/005552.png,3
images/Right/000555.png,2
images/Center/000210.png,0
images/ZNull/006383.png,3
images/ZNull/008183.png,3
images/Center/000480.png,0
images/Left/002905.png,1
images/ZNull/005407.png,3
images/Center/002465.png,0
images/Center/003703.png,0
images/ZNull/005915.png,3
images/Center/002750.png,0
images/Left/003595.png,1
images/Center/000335.png,0
images/Left/002087.png,1
images/Center/000475.png,0
images/ZNull/003705.png,3
images/ZNull/003100.png,3
images/Right/001985.png,2
images/Center/001370.png,0
images/ZNull/007025.png,3
images/Center/001155.png,0
images/Right/000845.png,2
images/ZNull/007193.png,3
images/Center/000620.png,0
images/ZNull/004905.png,3
images/ZNull/000455.png,3
images/Right/000745.png,2
images/ZNull/005232.png,3
images/ZNull/005238.png,3
images/Center/001890.png,0
images/Left/003304.png,1
images/Left/003427.png,1
images/ZNull/006170.png,3
images/Center/000270.png,0
images/Left/000125.png,1
images/Left/001315.png,1
images/ZNull/001835.png,3
images/Center/002711.png,0
images/Right/003033.png,2
images/Center/001185.png,0
images/Center/000035.png,0
images/Center/002435.png,0
images/Right/000810.png,2
images/Left/002875.png,1
images/Right/001705.png,2
images/Right/000935.png,2
images/Right/000495.png,2
images/ZNull/006056.png,3
images/Center/003556.png,0
images/ZNull/002585.png,3
images/Center/001080.png,0
images/ZNull/000140.png,3
images/ZNull/002075.png,3
images/Center/002606.png,0
images/ZNull/007220.png,3
images/ZNull/004285.png,3
images/Right/001940.png,2
images/Left/000870.png,1
images/Center/002145.png,0
images/Left/002324.png,1
images/Center/002684.png,0
images/ZNull/002615.png,3
images/ZNull/000080.png,3
images/Right/000040.png,2
images/ZNull/007463.png,3
images/Right/002958.png,2
images/Left/003502.png,1
images/Left/002204.png,1
images/Right/002937.png,2
images/Right/001570.png,2
images/Center/003976.png,0
images/Left/001455.png,1
images/Right/001345.png,2
images/ZNull/003630.png,3
images/Center/003073.png,0
images/ZNull/006020.png,3
images/Right/000960.png,2
images/Right/002667.png,2
images/ZNull/004929.png,3
images/Left/003424.png,1
images/Left/001115.png,1
images/ZNull/007868.png,3
images/Right/002574.png,2
images/Right/001976.png,2
images/Left/002156.png,1
images/Right/002514.png,2
images/ZNull/006605.png,3
images/Center/001070.png,0
images/Right/001365.png,2
images/ZNull/003605.png,3
images/Center/003781.png,0
images/ZNull/002225.png,3
images/ZNull/006539.png,3
images/ZNull/001735.png,3
images/Right/002337.png,2
images/ZNull/006227.png,3
images/ZNull/004025.png,3
images/Left/002896.png,1
images/ZNull/008270.png,3
images/Left/002649.png,1
images/ZNull/003840.png,3
images/ZNull/006293.png,3
images/Left/002552.png,1
images/ZNull/006458.png,3
images/Center/003142.png,0
images/ZNull/007040.png,3
images/Center/001400.png,0
images/ZNull/003320.png,3
images/ZNull/007709.png,3
images/ZNull/002975.png,3
images/ZNull/001025.png,3
images/ZNull/001360.png,3
images/ZNull/006932.png,3
images/Center/002030.png,0
images/ZNull/005954.png,3
images/Right/002583.png,2
images/ZNull/006317.png,3
images/Right/001868.png,2
images/Right/002931.png,2
images/Center/002871.png,0
images/Left/002609.png,1
images/Right/000335.png,2
images/ZNull/007568.png,3
images/Center/003508.png,0
images/Center/002447.png,0
images/ZNull/004120.png,3
images/ZNull/007427.png,3
images/Right/002147.png,2
images/Left/001160.png,1
images/ZNull/005945.png,3
images/Left/000365.png,1
images/Right/001880.png,2
images/Right/003168.png,2
images/Center/003775.png,0
images/ZNull/003585.png,3
images/Right/003039.png,2
images/ZNull/005711.png,3
images/Center/004030.png,0
images/ZNull/005678.png,3
images/ZNull/003355.png,3
images/Left/002225.png,1
images/Left/000685.png,1
images/ZNull/000615.png,3
images/Right/002802.png,2
images/Left/003463.png,1
images/Center/003823.png,0
images/Center/001640.png,0
images/Center/003589.png,0
images/Center/003520.png,0
images/ZNull/006776.png,3
images/Center/002348.png,0
images/Right/000215.png,2
images/ZNull/006923.png,3
images/Left/003031.png,1
images/Center/000080.png,0
images/Left/002950.png,1
images/ZNull/000875.png,3
images/Center/003091.png,0
images/Right/002808.png,2
images/Left/001420.png,1
images/Right/002682.png,2
images/ZNull/007085.png,3
images/ZNull/000025.png,3
images/Left/001805.png,1
images/Left/001140.png,1
images/Right/002195.png,2
images/Left/002826.png,1
images/ZNull/005858.png,3
images/Right/003339.png,2
images/Right/002916.png,2
images/Center/003202.png,0
images/ZNull/003710.png,3
images/ZNull/005016.png,3
images/Left/003169.png,1
images/Right/003246.png,2
images/Left/000265.png,1
images/Right/003081.png,2
images/Right/000240.png,2
images/ZNull/006785.png,3
images/ZNull/007967.png,3
images/Right/002985.png,2
images/Right/003165.png,2
images/Center/001085.png,0
images/Center/002579.png,0
images/Left/001946.png,1
images/ZNull/005440.png,3
images/ZNull/002675.png,3
images/ZNull/008075.png,3
images/Right/001928.png,2
images/ZNull/007358.png,3
images/Left/002117.png,1
images/ZNull/006467.png,3
images/ZNull/005286.png,3
images/Center/003088.png,0
images/ZNull/006968.png,3
images/Center/000840.png,0
images/Left/002033.png,1
images/Right/002889.png,2
images/Right/002087.png,2
images/Right/003057.png,2
images/Center/001525.png,0
images/Center/003271.png,0
images/Center/002838.png,0
images/Center/001765.png,0
images/Right/001600.png,2
images/Left/000445.png,1
images/Left/000690.png,1
images/Left/003157.png,1
images/Center/002492.png,0
images/ZNull/001865.png,3
images/Right/000070.png,2
images/ZNull/001455.png,3
images/Center/003547.png,0
images/Left/002210.png,1
images/Center/004045.png,0
images/Right/001115.png,2
images/ZNull/005753.png,3
images/Center/002507.png,0
images/ZNull/002515.png,3
images/Center/003691.png,0
images/Left/003349.png,1
images/Right/001050.png,2
images/Right/001090.png,2
images/Left/000970.png,1
images/ZNull/004315.png,3
images/Center/003400.png,0
images/ZNull/002360.png,3
images/Right/000080.png,2
images/ZNull/001585.png,3
images/ZNull/007595.png,3
images/Left/002730.png,1
images/Center/000655.png,0
images/Right/002862.png,2
images/ZNull/000820.png,3
images/Right/000655.png,2
images/Right/001410.png,2
images/ZNull/007292.png,3
images/Left/002832.png,1
images/ZNull/004700.png,3
images/Right/000780.png,2
images/Right/001420.png,2
images/Right/002066.png,2
images/ZNull/003085.png,3
images/ZNull/000955.png,3
images/Center/001005.png,0
images/ZNull/005750.png,3
images/Right/002421.png,2
images/Center/003625.png,0
images/Right/002039.png,2
images/ZNull/002810.png,3
images/ZNull/006743.png,3
images/Right/002991.png,2
images/Right/000450.png,2
images/ZNull/005316.png,3
images/Center/003766.png,0
images/ZNull/004060.png,3
images/Right/002529.png,2
images/ZNull/004630.png,3
images/Center/002558.png,0
images/ZNull/006503.png,3
images/Right/002739.png,2
images/Left/001255.png,1
images/Right/000715.png,2
images/Right/000200.png,2
images/ZNull/005172.png,3
images/ZNull/002040.png,3
images/ZNull/005855.png,3
images/ZNull/006686.png,3
images/Left/002327.png,1
images/ZNull/003565.png,3
images/Right/002703.png,2
images/ZNull/002180.png,3
images/ZNull/001425.png,3
images/Left/000460.png,1
images/ZNull/006920.png,3
images/ZNull/006974.png,3
images/ZNull/006728.png,3
images/ZNull/007286.png,3
images/ZNull/005825.png,3
images/ZNull/003265.png,3
images/ZNull/007607.png,3
images/ZNull/005501.png,3
images/ZNull/007718.png,3
images/Center/002309.png,0
images/Left/002471.png,1
images/Left/000600.png,1
images/Center/003583.png,0
images/ZNull/005801.png,3
images/Right/000050.png,2
images/Center/001950.png,0
images/ZNull/007253.png,3
images/ZNull/004983.png,3
images/ZNull/008201.png,3
images/ZNull/006839.png,3
images/Left/000505.png,1
images/ZNull/005067.png,3
images/Left/001495.png,1
images/ZNull/005828.png,3
images/ZNull/007346.png,3
images/Center/003700.png,0
images/ZNull/003640.png,3
images/Left/000020.png,1
images/Left/002468.png,1
images/Right/002261.png,2
images/Center/001100.png,0
images/Left/003481.png,1
images/Center/001970.png,0
images/Right/001753.png,2
images/ZNull/006308.png,3
images/Left/000200.png,1
images/Left/003124.png,1
images/ZNull/003950.png,3
images/ZNull/004070.png,3
images/ZNull/000575.png,3
images/ZNull/006614.png,3
images/ZNull/006236.png,3
images/ZNull/001550.png,3
images/Center/003409.png,0
images/ZNull/007196.png,3
images/Left/003466.png,1
images/ZNull/005966.png,3
images/Right/003258.png,2
images/Left/003367.png,1
images/Right/002045.png,2
images/Center/002441.png,0
images/ZNull/001850.png,3
images/Center/003940.png,0
images/Left/002899.png,1
images/ZNull/005642.png,3
images/ZNull/000795.png,3
images/ZNull/007088.png,3
images/Left/000055.png,1
images/Right/000805.png,2
images/Center/001520.png,0
